{
	"Items": [
		{
			"Rarity": "Uncommon",
			"Id": "Police_Jacket_01"
		},
		{
			"Rarity": "Uncommon",
			"Id": "MilitaryPants_09"
		},
		{
			"Rarity": "Uncommon",
			"Id": "Hiking_Boots_03"
		},
		{
			"Rarity": "Uncommon",
			"Id": "Police_Mask_01"
		},
		{
			"Rarity": "Uncommon",
			"Id": "Stabproof_Vest_01_08"
		},
		{
			"Rarity": "Uncommon",
			"Id": "Police_Helmet_01"
		},
		{
			"Rarity": "Uncommon",
			"Id": "Police_Gloves_01"
		},
		{
			"Rarity": "Uncommon",
			"Id": "Weapon_M9"
		}
	],
	"QuantityMin": 7,
	"QuantityMax": 7,
	"AllowDuplicates": false,
	"ShouldFilterItemsByZone": false,
	"InitialDamage": 20,
	"RandomDamage": 10,
	"InitialUsage": 20,
	"RandomUsage": 10,
	"PostSpawnActions": [
		""
	]
}