{
	"Items": [
		{
			"Rarity": "Common",
			"Id": "Tracksuit_Pants_01_04"
		},
		{
			"Rarity": "Common",
			"Id": "Jersey_07"
		},
		{
			"Rarity": "Common",
			"Id": "Leather_Shoes"
		},
		{
			"Rarity": "Common",
			"Id": "Shirt_01"
		}
	],
	"QuantityMin": 4,
	"QuantityMax": 4,
	"AllowDuplicates": false,
	"ShouldFilterItemsByZone": false,
	"InitialDamage": 64,
	"RandomDamage": 10,
	"InitialUsage": 64,
	"RandomUsage": 10,
	"PostSpawnActions": [
		"SetClothesDirtiness_DeadPuppets"
	]
}