{
	"Items": [
		{
			"Rarity": "Uncommon",
			"Id": "Sneakers_02_04"
		},
		{
			"Rarity": "Uncommon",
			"Id": "Trucker_Jacket_02"
		},
		{
			"Rarity": "Uncommon",
			"Id": "Jeans_01_02"
		},
		{
			"Rarity": "Uncommon",
			"Id": "Beenie_07"
		}
	],
	"QuantityMin": 1,
	"QuantityMax": 2,
	"AllowDuplicates": false,
	"ShouldFilterItemsByZone": false,
	"InitialDamage": 52,
	"RandomDamage": 18,
	"InitialUsage": 52,
	"RandomUsage": 15,
	"PostSpawnActions": [
		"SetClothesDirtiness_DeadPuppets"
	]
}