{
	"Items": [
		{
			"Rarity": "Common",
			"Id": "Tactical_Gloves_01_01"
		},
		{
			"Rarity": "Common",
			"Id": "Military_Helmet_01_03"
		},
		{
			"Rarity": "Common",
			"Id": "Armor_Tactical_Vest_01_05"
		},
		{
			"Rarity": "Common",
			"Id": "Tactical_Jacket_01_03"
		},
		{
			"Rarity": "Common",
			"Id": "MilitaryPants_03"
		},
		{
			"Rarity": "Common",
			"Id": "Hiking_Boots_03"
		}
	],
	"QuantityMin": 6,
	"QuantityMax": 6,
	"AllowDuplicates": false,
	"ShouldFilterItemsByZone": false,
	"InitialDamage": 20,
	"RandomDamage": 10,
	"InitialUsage": 20,
	"RandomUsage": 10,
	"PostSpawnActions": [
		""
	]
}