{
	"Items": [
		{
			"Rarity": "Uncommon",
			"Id": "Beenie_07"
		},
		{
			"Rarity": "Uncommon",
			"Id": "Geek_Goggels"
		},
		{
			"Rarity": "Uncommon",
			"Id": "College_Jacket_05"
		},
		{
			"Rarity": "Uncommon",
			"Id": "Stabproof_Vest_01_09"
		},
		{
			"Rarity": "Uncommon",
			"Id": "MilitaryPants_09"
		},
		{
			"Rarity": "Uncommon",
			"Id": "Boots_06_02"
		}
	],
	"QuantityMin": 6,
	"QuantityMax": 6,
	"AllowDuplicates": false,
	"ShouldFilterItemsByZone": false,
	"InitialDamage": 64,
	"RandomDamage": 10,
	"InitialUsage": 64,
	"RandomUsage": 10,
	"PostSpawnActions": [
		"SetClothesDirtiness_DeadPuppets"
	]
}