{
	"Items": [
		{
			"Rarity": "Uncommon",
			"Id": "Beenie_07"
		},
		{
			"Rarity": "Uncommon",
			"Id": "Jock_Jacket_04"
		},
		{
			"Rarity": "Uncommon",
			"Id": "Boots_06_02"
		},
		{
			"Rarity": "Uncommon",
			"Id": "Jeans_02_09"
		}
	],
	"QuantityMin": 4,
	"QuantityMax": 4,
	"AllowDuplicates": false,
	"ShouldFilterItemsByZone": false,
	"InitialDamage": 64,
	"RandomDamage": 10,
	"InitialUsage": 64,
	"RandomUsage": 10,
	"PostSpawnActions": [
		"SetClothesDirtiness_DeadPuppets"
	]
}