{
	"Items": [
		{
			"Rarity": "Uncommon",
			"Id": "Marine_Cap_01"
		},
		{
			"Rarity": "Uncommon",
			"Id": "Jeans_02_01_V2"
		},
		{
			"Rarity": "Uncommon",
			"Id": "Tactical_Jacket_01_05"
		},
		{
			"Rarity": "Uncommon",
			"Id": "Boots_07_01"
		}
	],
	"QuantityMin": 1,
	"QuantityMax": 2,
	"AllowDuplicates": false,
	"ShouldFilterItemsByZone": false,
	"InitialDamage": 52,
	"RandomDamage": 18,
	"InitialUsage": 52,
	"RandomUsage": 15,
	"PostSpawnActions": [
		"SetClothesDirtiness_DeadPuppets"
	]
}