{
	"Items": [
		{
			"Rarity": "Uncommon",
			"Id": "Tactical_Gloves_01_01"
		},
		{
			"Rarity": "Uncommon",
			"Id": "Tactical_Sweater_07"
		},
		{
			"Rarity": "Uncommon",
			"Id": "MilitaryPants_02"
		},
		{
			"Rarity": "Uncommon",
			"Id": "Boots_06_02"
		}
	],
	"QuantityMin": 1,
	"QuantityMax": 2,
	"AllowDuplicates": false,
	"ShouldFilterItemsByZone": false,
	"InitialDamage": 52,
	"RandomDamage": 18,
	"InitialUsage": 52,
	"RandomUsage": 15,
	"PostSpawnActions": [
		"SetClothesDirtiness_DeadPuppets"
	]
}