{
	"Items": [
		{
			"Rarity": "Uncommon",
			"Id": "Marine_Cap_07"
		},
		{
			"Rarity": "Uncommon",
			"Id": "Tactical_Jacket_01_01"
		},
		{
			"Rarity": "Uncommon",
			"Id": "MilitaryPants_07"
		},
		{
			"Rarity": "Uncommon",
			"Id": "CombatBoots"
		}
	],
	"QuantityMin": 4,
	"QuantityMax": 4,
	"AllowDuplicates": false,
	"ShouldFilterItemsByZone": false,
	"InitialDamage": 64,
	"RandomDamage": 10,
	"InitialUsage": 64,
	"RandomUsage": 10,
	"PostSpawnActions": [
		"SetClothesDirtiness_DeadPuppets"
	]
}