{
	"Items": [
		{
			"Rarity": "Uncommon",
			"Id": "Baseball_Cap_09"
		},
		{
			"Rarity": "Uncommon",
			"Id": "HighTop_Shoes"
		},
		{
			"Rarity": "Uncommon",
			"Id": "MilitaryPants_07"
		},
		{
			"Rarity": "Uncommon",
			"Id": "College_Jacket_05"
		}
	],
	"QuantityMin": 1,
	"QuantityMax": 2,
	"AllowDuplicates": false,
	"ShouldFilterItemsByZone": false,
	"InitialDamage": 52,
	"RandomDamage": 18,
	"InitialUsage": 52,
	"RandomUsage": 15,
	"PostSpawnActions": [
		"SetClothesDirtiness_DeadPuppets"
	]
}