{
	"Items": [
		{
			"Rarity": "Uncommon",
			"Id": "Police_Beanie_01"
		},
		{
			"Rarity": "Uncommon",
			"Id": "Police_Jacket_01"
		},
		{
			"Rarity": "Uncommon",
			"Id": "MilitaryPants_09"
		},
		{
			"Rarity": "Uncommon",
			"Id": "Hiking_Boots_03"
		}
	],
	"QuantityMin": 4,
	"QuantityMax": 4,
	"AllowDuplicates": false,
	"ShouldFilterItemsByZone": false,
	"InitialDamage": 20,
	"RandomDamage": 10,
	"InitialUsage": 20,
	"RandomUsage": 10,
	"PostSpawnActions": [
		""
	]
}