{
	"Items": [
		{
			"Rarity": "Uncommon",
			"Id": "Military_Boonie_Hat_03"
		},
		{
			"Rarity": "Uncommon",
			"Id": "Tactical_Jacket_01_01"
		},
		{
			"Rarity": "Uncommon",
			"Id": "Military_Backpack_01_03"
		},
		{
			"Rarity": "Uncommon",
			"Id": "MilitaryPants_03"
		},
		{
			"Rarity": "Uncommon",
			"Id": "CombatBoots"
		}
	],
	"QuantityMin": 5,
	"QuantityMax": 5,
	"AllowDuplicates": false,
	"ShouldFilterItemsByZone": false,
	"InitialDamage": 64,
	"RandomDamage": 10,
	"InitialUsage": 64,
	"RandomUsage": 10,
	"PostSpawnActions": [
		"SetClothesDirtiness_DeadPuppets"
	]
}