{
	"Items": [
		{
			"Rarity": "Uncommon",
			"Id": "Boots_07_01"
		},
		{
			"Rarity": "Uncommon",
			"Id": "Military_Shirt_01"
		},
		{
			"Rarity": "Uncommon",
			"Id": "Tights_01_03"
		},
		{
			"Rarity": "Uncommon",
			"Id": "Military_Beanie_08"
		},
		{
			"Rarity": "Uncommon",
			"Id": "Tactical_Gloves_01_07"
		}
	],
	"QuantityMin": 5,
	"QuantityMax": 5,
	"AllowDuplicates": false,
	"ShouldFilterItemsByZone": false,
	"InitialDamage": 64,
	"RandomDamage": 10,
	"InitialUsage": 64,
	"RandomUsage": 10,
	"PostSpawnActions": [
		"SetClothesDirtiness_DeadPuppets"
	]
}