{
	"Items": [
		{
			"Rarity": "Uncommon",
			"Id": "Work_Jacket_02"
		},
		{
			"Rarity": "Uncommon",
			"Id": "Working_pants_01_02"
		},
		{
			"Rarity": "Uncommon",
			"Id": "Driving_Gloves_01_01"
		},
		{
			"Rarity": "Uncommon",
			"Id": "Hiking_Boots_01"
		}
	],
	"QuantityMin": 4,
	"QuantityMax": 4,
	"AllowDuplicates": false,
	"ShouldFilterItemsByZone": false,
	"InitialDamage": 64,
	"RandomDamage": 10,
	"InitialUsage": 64,
	"RandomUsage": 10,
	"PostSpawnActions": [
		"SetClothesDirtiness_DeadPuppets"
	]
}