{
	"Items": [
		{
			"Rarity": "Uncommon",
			"Id": "Boonie_Hat_04"
		},
		{
			"Rarity": "Uncommon",
			"Id": "Woodcuters_Shirt_03"
		},
		{
			"Rarity": "Uncommon",
			"Id": "Tracksuit_Pants_01_02"
		},
		{
			"Rarity": "Uncommon",
			"Id": "Boots_06_02"
		},
		{
			"Rarity": "Uncommon",
			"Id": "Driving_Gloves_01_04"
		}
	],
	"QuantityMin": 5,
	"QuantityMax": 5,
	"AllowDuplicates": false,
	"ShouldFilterItemsByZone": false,
	"InitialDamage": 64,
	"RandomDamage": 10,
	"InitialUsage": 64,
	"RandomUsage": 10,
	"PostSpawnActions": [
		"SetClothesDirtiness_DeadPuppets"
	]
}