{
	"Items": [
		{
			"Rarity": "Uncommon",
			"Id": "Boots_06_02"
		},
		{
			"Rarity": "Uncommon",
			"Id": "MA1_Spitfire_04"
		},
		{
			"Rarity": "Uncommon",
			"Id": "Tracksuit_Pants_02_01"
		},
		{
			"Rarity": "Uncommon",
			"Id": "Military_Cap_03"
		}
	],
	"QuantityMin": 1,
	"QuantityMax": 2,
	"AllowDuplicates": false,
	"ShouldFilterItemsByZone": false,
	"InitialDamage": 52,
	"RandomDamage": 18,
	"InitialUsage": 52,
	"RandomUsage": 15,
	"PostSpawnActions": [
		"SetClothesDirtiness_DeadPuppets"
	]
}