{
	"Items": [
		{
			"Rarity": "Uncommon",
			"Id": "Jeans_Jersey_Jacket_02"
		},
		{
			"Rarity": "Uncommon",
			"Id": "Jeans_01_03"
		},
		{
			"Rarity": "Uncommon",
			"Id": "Hiking_Boots_03"
		},
		{
			"Rarity": "Uncommon",
			"Id": "Open_Finger_Gloves_02"
		}
	],
	"QuantityMin": 4,
	"QuantityMax": 4,
	"AllowDuplicates": false,
	"ShouldFilterItemsByZone": false,
	"InitialDamage": 64,
	"RandomDamage": 10,
	"InitialUsage": 64,
	"RandomUsage": 10,
	"PostSpawnActions": [
		"SetClothesDirtiness_DeadPuppets"
	]
}